user_id,loc_latitude,tags,caption,created_time,loc_longitude,type,likes_count
611334517,,—É—Ä–æ–∫–∏ yoga –∫—Ä–∞—Å–æ—Ç–∞ —Ñ–∏—Ç–Ω–µ—Å –∞—Å–∞–Ω–∞ –¥–∞–π–æ–≥–∞ dayoga –π–æ–≥–∞ –∞—é—Ä–≤–µ–¥–∞ –≤–∏–¥–µ–æ —Ö–∞—Ç—Ö–∞ —Å–ø–æ—Ä—Ç,"""–í–¥–æ—Ö–Ω–æ–≤–µ–Ω–∏–µ, –∫–æ—Ç–æ—Ä–æ–µ –≤—ã –∏—â–µ—Ç–µ, —É–∂–µ –≤ –≤–∞—Å.
–ë—É–¥—å—Ç–µ –º–æ–ª—á–∞–ª–∏–≤—ã –∏ —Å–ª—É—à–∞–π—Ç–µ."" - –†—É–º–∏

#–¥–∞–π–æ–≥–∞ #dayoga #–π–æ–≥–∞ #yoga #—É—Ä–æ–∫–∏ #–≤–∏–¥–µ–æ #–∫—Ä–∞—Å–æ—Ç–∞ #–∞—Å–∞–Ω–∞ #—Ñ–∏—Ç–Ω–µ—Å #—Å–ø–æ—Ä—Ç #—Ö–∞—Ç—Ö–∞ #–∞—é—Ä–≤–µ–¥–∞",2016-03-22 11:26:42,,image,304
611334517,,—É—Ä–æ–∫–∏ yoga –∫—Ä–∞—Å–æ—Ç–∞ —Ñ–∏—Ç–Ω–µ—Å –∞—Å–∞–Ω–∞ –¥–∞–π–æ–≥–∞ dayoga –π–æ–≥–∞ –∞—é—Ä–≤–µ–¥–∞ –≤–∏–¥–µ–æ —Ö–∞—Ç—Ö–∞ —Å–ø–æ—Ä—Ç,"""–ù–∏–∫–æ–≥–¥–∞ –Ω–µ —Ç–µ—Ä—è–π —Ç–µ—Ä–ø–µ–Ω–∏—è ‚Äì —ç—Ç–æ –ø–æ—Å–ª–µ–¥–Ω–∏–π –∫–ª—é—á, –æ—Ç–∫—Ä—ã–≤–∞—é—â–∏–π –¥–≤–µ—Ä–∏."" - –í–æ—Å—Ç–æ—á–Ω–∞—è –º—É–¥—Ä–æ—Å—Ç—å

#–¥–∞–π–æ–≥–∞ #dayoga #–π–æ–≥–∞ #yoga #—É—Ä–æ–∫–∏ #–≤–∏–¥–µ–æ #–∫—Ä–∞—Å–æ—Ç–∞ #–∞—Å–∞–Ω–∞ #—Ñ–∏—Ç–Ω–µ—Å #—Å–ø–æ—Ä—Ç #—Ö–∞—Ç—Ö–∞ #–∞—é—Ä–≤–µ–¥–∞",2016-03-20 13:15:46,,image,388
611334517,,—É—Ä–æ–∫–∏ yoga –∫—Ä–∞—Å–æ—Ç–∞ —Ñ–∏—Ç–Ω–µ—Å –∞—Å–∞–Ω–∞ –¥–∞–π–æ–≥–∞ dayoga –π–æ–≥–∞ –∞—é—Ä–≤–µ–¥–∞ –≤–∏–¥–µ–æ —Ö–∞—Ç—Ö–∞ —Å–ø–æ—Ä—Ç,"""–ü—Ä–∞–∫—Ç–∏–∫–∞ —Å–∞–º–∞ –ø–æ —Å–µ–±–µ, –ø–æ—Å—Ç–æ—è–Ω–Ω–∞—è –∏ –≥—Ä–∞–º–æ—Ç–Ω–∞—è, ‚Äì –≤–æ—Ç –∫—Ç–æ –Ω–∞—Å—Ç–æ—è—â–∏–π —É—á–∏—Ç–µ–ª—å."" #–¥–∞–π–æ–≥–∞ #dayoga #–π–æ–≥–∞ #yoga #—É—Ä–æ–∫–∏ #–≤–∏–¥–µ–æ #–∫—Ä–∞—Å–æ—Ç–∞ #–∞—Å–∞–Ω–∞ #—Ñ–∏—Ç–Ω–µ—Å #—Å–ø–æ—Ä—Ç #—Ö–∞—Ç—Ö–∞ #–∞—é—Ä–≤–µ–¥–∞",2016-03-19 19:15:35,,image,330
611334517,,,–ò—Å—Ç–æ—Ä–∏–∏ –æ —Å–∫–æ–ª–∏–æ–∑–µ –æ—Ç –Æ–ª–∏–∏ –°–∏–Ω—è–≤—Å–∫–æ–π. –ô–æ–≥–∞—Ç–µ—Ä–∞–ø–∏—è –º–æ–∂–µ—Ç –í–°–ï! –í –ø—Ä–µ–¥–µ–ª–∞—Ö —Ä–∞–∑—É–º–Ω–æ–≥–æ) üëÉüèª http://dayoga.ru/seminary/kurs_po_yoge_i_yogaterapii_dlya_zhenschin_julia_sinyavskaya_chast_5,2016-03-19 13:25:35,,image,113
611334517,,—É—Ä–æ–∫–∏ yoga –∫—Ä–∞—Å–æ—Ç–∞ —Ñ–∏—Ç–Ω–µ—Å –∞—Å–∞–Ω–∞ –¥–∞–π–æ–≥–∞ dayoga –π–æ–≥–∞ –∞—é—Ä–≤–µ–¥–∞ –≤–∏–¥–µ–æ —Ö–∞—Ç—Ö–∞ —Å–ø–æ—Ä—Ç,"–°–Ω–∏–º–∞–µ–º –ê–ª–µ–Ω—É –¢–∏—Ö–æ–Ω–æ–≤—É. –£–Ω–∏–≤–µ—Ä—Å–∞–ª—å–Ω–∞—è –π–æ–≥–∞ —Ä—É–ª–∏—Ç! ))) –û—á–µ–Ω—å –≥–∞—Ä–º–æ–Ω–∏—á–Ω–∞—è –ø—Ä–∞–∫—Ç–∏–∫–∞üòÄ

#–¥–∞–π–æ–≥–∞ #dayoga #–π–æ–≥–∞ #yoga #—É—Ä–æ–∫–∏ #–≤–∏–¥–µ–æ #–∫—Ä–∞—Å–æ—Ç–∞ #–∞—Å–∞–Ω–∞ #—Ñ–∏—Ç–Ω–µ—Å #—Å–ø–æ—Ä—Ç #—Ö–∞—Ç—Ö–∞ #–∞—é—Ä–≤–µ–¥–∞",2016-03-19 13:24:20,,image,138
611334517,,—É—Ä–æ–∫–∏ yoga –∫—Ä–∞—Å–æ—Ç–∞ —Ñ–∏—Ç–Ω–µ—Å –∞—Å–∞–Ω–∞ –¥–∞–π–æ–≥–∞ dayoga –π–æ–≥–∞ –∞—é—Ä–≤–µ–¥–∞ –≤–∏–¥–µ–æ —Ö–∞—Ç—Ö–∞ —Å–ø–æ—Ä—Ç,"–ï—Å–ª–∏ —Å–≤–æ—é ""—Å–µ—Ä—É—é –∂–∏–∑–Ω—å"", —Ç—ã –º–æ–∂–µ—à—å –∏–∑–æ–±—Ä–∞–∑–∏—Ç—å —è—Ä–∫–∏–º–∏ –∫—Ä–∞—Å–∫–∞–º–∏, –∑–Ω–∞—á–∏—Ç –¥–ª—è —Ç–µ–±—è –µ—â—ë –Ω–µ –≤—Å–µ –ø–æ—Ç–µ—Ä—è–Ω–æ.

#–¥–∞–π–æ–≥–∞ #dayoga #–π–æ–≥–∞ #yoga #—É—Ä–æ–∫–∏ #–≤–∏–¥–µ–æ #–∫—Ä–∞—Å–æ—Ç–∞ #–∞—Å–∞–Ω–∞ #—Ñ–∏—Ç–Ω–µ—Å #—Å–ø–æ—Ä—Ç #—Ö–∞—Ç—Ö–∞ #–∞—é—Ä–≤–µ–¥–∞",2016-03-14 18:16:13,,image,377
611334517,,—É—Ä–æ–∫–∏ yoga –∫—Ä–∞—Å–æ—Ç–∞ —Ñ–∏—Ç–Ω–µ—Å –∞—Å–∞–Ω–∞ –¥–∞–π–æ–≥–∞ dayoga –π–æ–≥–∞ –∞—é—Ä–≤–µ–¥–∞ –≤–∏–¥–µ–æ —Ö–∞—Ç—Ö–∞ —Å–ø–æ—Ä—Ç,"–ß—Ç–æ–±—ã –∏–∑–±–µ–∂–∞—Ç—å —Ä–∞–∑–æ—á–∞—Ä–æ–≤–∞–Ω–∏—è –≤ –ª—é–¥—è—Ö, –Ω–∞–¥–æ –∏–∑–±–∞–≤–∏—Ç—å—Å—è –æ—Ç –∏–ª–ª—é–∑–∏–π. –£–º–µ–π—Ç–µ –ø—Ä–∏–Ω–∏–º–∞—Ç—å –ª—é–¥–µ–π —Ç–∞–∫–∏–º–∏, –∫–∞–∫–∏–µ –æ–Ω–∏ –µ—Å—Ç—å. –°–æ–≤–µ—Ä—à–µ–Ω–Ω—ã—Ö –ª—é–¥–µ–π –Ω–µ —Å—É—â–µ—Å—Ç–≤—É–µ—Ç. –ú–æ–∂–Ω–æ –Ω–∞–π—Ç–∏ —Ö–æ—Ä–æ—à–∏—Ö –ª—é–¥–µ–π, –Ω–æ –¥–∞–∂–µ –∏ –æ–Ω–∏ –≤—Ä–µ–º–µ–Ω–∞–º–∏ –±—ã–≤–∞—é—Ç —ç–≥–æ–∏—Å—Ç–∏—á–Ω—ã, —Ä–∞–∑–¥—Ä–∞–∂–∏—Ç–µ–ª—å–Ω—ã –∏ —É–≥—Ä—é–º—ã.

#–¥–∞–π–æ–≥–∞ #dayoga #–π–æ–≥–∞ #yoga #—É—Ä–æ–∫–∏ #–≤–∏–¥–µ–æ #–∫—Ä–∞—Å–æ—Ç–∞ #–∞—Å–∞–Ω–∞ #—Ñ–∏—Ç–Ω–µ—Å #—Å–ø–æ—Ä—Ç #—Ö–∞—Ç—Ö–∞ #–∞—é—Ä–≤–µ–¥–∞",2016-03-14 13:00:53,,image,485
611334517,,—É—Ä–æ–∫–∏ yoga –∫—Ä–∞—Å–æ—Ç–∞ —Ñ–∏—Ç–Ω–µ—Å –∞—Å–∞–Ω–∞ –¥–∞–π–æ–≥–∞ dayoga –π–æ–≥–∞ –∞—é—Ä–≤–µ–¥–∞ –≤–∏–¥–µ–æ —Ö–∞—Ç—Ö–∞ —Å–ø–æ—Ä—Ç,"–í—Å–µ–≥–¥–∞ –ø—Ä–∏—è—Ç–Ω–æ, –∫–æ–≥–¥–∞ —Ç–µ–±—è –æ–±–Ω–∏–º–∞–µ—Ç –º–∞–º–∞ ‚Äî –Ω–µ –≤–∞–∂–Ω–æ, —Å–∫–æ–ª—å–∫–æ —Ç–µ–±–µ –ª–µ—Ç.

#–¥–∞–π–æ–≥–∞ #dayoga #–π–æ–≥–∞ #yoga #—É—Ä–æ–∫–∏ #–≤–∏–¥–µ–æ #–∫—Ä–∞—Å–æ—Ç–∞ #–∞—Å–∞–Ω–∞ #—Ñ–∏—Ç–Ω–µ—Å #—Å–ø–æ—Ä—Ç #—Ö–∞—Ç—Ö–∞ #–∞—é—Ä–≤–µ–¥–∞",2016-03-13 20:15:18,,image,428
611334517,,—É—Ä–æ–∫–∏ yoga –∫—Ä–∞—Å–æ—Ç–∞ —Ñ–∏—Ç–Ω–µ—Å –∞—Å–∞–Ω–∞ –¥–∞–π–æ–≥–∞ dayoga –π–æ–≥–∞ –∞—é—Ä–≤–µ–¥–∞ –≤–∏–¥–µ–æ —Ö–∞—Ç—Ö–∞ —Å–ø–æ—Ä—Ç,"–ï—Å–ª–∏ –º—ã –ø–æ—Ç—Ä–∞—Ç–∏–º —Å–≤–æ—é –∂–∏–∑–Ω—å –Ω–∞ –ª—é–±–æ–≤—å, —É –Ω–∞—Å –Ω–µ –æ—Å—Ç–∞–Ω–µ—Ç—Å—è –ª–∏—à–Ω–µ–≥–æ –≤—Ä–µ–º–µ–Ω–∏ –Ω–∞ —Ç–æ, —á—Ç–æ–±—ã –∂–∞–ª–æ–≤–∞—Ç—å—Å—è –∏–ª–∏ —á—É–≤—Å—Ç–≤–æ–≤–∞—Ç—å —Å–µ–±—è –Ω–µ—Å—á–∞—Å—Ç–Ω—ã–º.

#–¥–∞–π–æ–≥–∞ #dayoga #–π–æ–≥–∞ #yoga #—É—Ä–æ–∫–∏ #–≤–∏–¥–µ–æ #–∫—Ä–∞—Å–æ—Ç–∞ #–∞—Å–∞–Ω–∞ #—Ñ–∏—Ç–Ω–µ—Å #—Å–ø–æ—Ä—Ç #—Ö–∞—Ç—Ö–∞ #–∞—é—Ä–≤–µ–¥–∞",2016-03-13 13:15:14,,image,428
611334517,,—É—Ä–æ–∫–∏ yoga –∫—Ä–∞—Å–æ—Ç–∞ —Ñ–∏—Ç–Ω–µ—Å –∞—Å–∞–Ω–∞ –¥–∞–π–æ–≥–∞ dayoga –π–æ–≥–∞ –∞—é—Ä–≤–µ–¥–∞ –≤–∏–¥–µ–æ —Ö–∞—Ç—Ö–∞ —Å–ø–æ—Ä—Ç,"–ï—Å–ª–∏ —Ö–æ—á–µ—à—å –ø–æ–Ω—è—Ç—å –∂–∏–∑–Ω—å, —Ç–æ –ø–µ—Ä–µ—Å—Ç–∞–Ω—å –≤–µ—Ä–∏—Ç—å —Ç–æ–º—É, —á—Ç–æ –≥–æ–≤–æ—Ä—è—Ç –∏ –ø–∏—à—É—Ç, –∞ –Ω–∞–±–ª—é–¥–∞–π –∏ —á—É–≤—Å—Ç–≤—É–π.

#–¥–∞–π–æ–≥–∞ #dayoga #–π–æ–≥–∞ #yoga #—É—Ä–æ–∫–∏ #–≤–∏–¥–µ–æ #–∫—Ä–∞—Å–æ—Ç–∞ #–∞—Å–∞–Ω–∞ #—Ñ–∏—Ç–Ω–µ—Å #—Å–ø–æ—Ä—Ç #—Ö–∞—Ç—Ö–∞ #–∞—é—Ä–≤–µ–¥–∞",2016-03-12 19:16:13,,image,296
611334517,,—É—Ä–æ–∫–∏ yoga –∫—Ä–∞—Å–æ—Ç–∞ —Ñ–∏—Ç–Ω–µ—Å –∞—Å–∞–Ω–∞ –¥–∞–π–æ–≥–∞ dayoga –π–æ–≥–∞ –∞—é—Ä–≤–µ–¥–∞ –≤–∏–¥–µ–æ —Ö–∞—Ç—Ö–∞ —Å–ø–æ—Ä—Ç,"–°–ª–µ–¥—É–π —Å–≤–æ–µ–π –º–µ—á—Ç–µ –∏ –í—Å–µ–ª–µ–Ω–Ω–∞—è –æ—Ç–∫—Ä–æ–µ—Ç —Ç–µ–±–µ –¥–≤–µ—Ä–∏ –¥–∞–∂–µ —Ç–∞–º, –≥–¥–µ —Ä–∞–Ω—å—à–µ –±—ã–ª–∏ —Ç–æ–ª—å–∫–æ —Å—Ç–µ–Ω—ã.

#–¥–∞–π–æ–≥–∞ #dayoga #–π–æ–≥–∞ #yoga #—É—Ä–æ–∫–∏ #–≤–∏–¥–µ–æ #–∫—Ä–∞—Å–æ—Ç–∞ #–∞—Å–∞–Ω–∞ #—Ñ–∏—Ç–Ω–µ—Å #—Å–ø–æ—Ä—Ç #—Ö–∞—Ç—Ö–∞ #–∞—é—Ä–≤–µ–¥–∞",2016-03-12 13:16:13,,image,397
611334517,,—É—Ä–æ–∫–∏ yoga –∫—Ä–∞—Å–æ—Ç–∞ —Ñ–∏—Ç–Ω–µ—Å –∞—Å–∞–Ω–∞ –¥–∞–π–æ–≥–∞ dayoga –π–æ–≥–∞ –∞—é—Ä–≤–µ–¥–∞ –≤–∏–¥–µ–æ —Ö–∞—Ç—Ö–∞ —Å–ø–æ—Ä—Ç,"–ù–µ –∏—â–∏ –≤ —Ç–æ–ª–ø–µ. –ù–∏—á–µ–≥–æ. –ù–∏–∫–æ–≥–æ. –í—Å—ë —á—Ç–æ –ø–æ –Ω–∞—Å—Ç–æ—è—â–µ–º—É –≤–∞–∂–Ω–æ ‚Äî —Ä—è–¥–æ–º —Å —Ç–æ–±–æ–π.

#–¥–∞–π–æ–≥–∞ #dayoga #–π–æ–≥–∞ #yoga #—É—Ä–æ–∫–∏ #–≤–∏–¥–µ–æ #–∫—Ä–∞—Å–æ—Ç–∞ #–∞—Å–∞–Ω–∞ #—Ñ–∏—Ç–Ω–µ—Å #—Å–ø–æ—Ä—Ç #—Ö–∞—Ç—Ö–∞ #–∞—é—Ä–≤–µ–¥–∞",2016-03-11 18:16:14,,image,308
611334517,,—É—Ä–æ–∫–∏ yoga –∫—Ä–∞—Å–æ—Ç–∞ —Ñ–∏—Ç–Ω–µ—Å –∞—Å–∞–Ω–∞ –¥–∞–π–æ–≥–∞ dayoga –π–æ–≥–∞ –∞—é—Ä–≤–µ–¥–∞ –≤–∏–¥–µ–æ —Ö–∞—Ç—Ö–∞ —Å–ø–æ—Ä—Ç,"–ü–æ–∑–≤–æ–ª—å —Å–µ–±–µ –¥—ã—à–∞—Ç—å –ø–æ–ª–Ω–æ–π –≥—Ä—É–¥—å—é –∏ –Ω–µ –∑–∞–≥–æ–Ω—è–π —Å–µ–±—è –≤ —Ä–∞–º–∫–∏. –°–∏–ª–∞ —É —Ç–æ–≥–æ, –∫—Ç–æ –≤–µ—Ä–∏—Ç –≤ —Å–≤–æ—é —Å–∏–ª—É.

#–¥–∞–π–æ–≥–∞ #dayoga #–π–æ–≥–∞ #yoga #—É—Ä–æ–∫–∏ #–≤–∏–¥–µ–æ #–∫—Ä–∞—Å–æ—Ç–∞ #–∞—Å–∞–Ω–∞ #—Ñ–∏—Ç–Ω–µ—Å #—Å–ø–æ—Ä—Ç #—Ö–∞—Ç—Ö–∞ #–∞—é—Ä–≤–µ–¥–∞",2016-03-11 13:16:16,,image,406
611334517,,—É—Ä–æ–∫–∏ yoga –∫—Ä–∞—Å–æ—Ç–∞ —Ñ–∏—Ç–Ω–µ—Å –∞—Å–∞–Ω–∞ –¥–∞–π–æ–≥–∞ dayoga –π–æ–≥–∞ –∞—é—Ä–≤–µ–¥–∞ –≤–∏–¥–µ–æ —Ö–∞—Ç—Ö–∞ —Å–ø–æ—Ä—Ç,#–¥–∞–π–æ–≥–∞ #dayoga #–π–æ–≥–∞ #yoga #—É—Ä–æ–∫–∏ #–≤–∏–¥–µ–æ #–∫—Ä–∞—Å–æ—Ç–∞ #–∞—Å–∞–Ω–∞ #—Ñ–∏—Ç–Ω–µ—Å #—Å–ø–æ—Ä—Ç #—Ö–∞—Ç—Ö–∞ #–∞—é—Ä–≤–µ–¥–∞,2016-03-10 20:15:13,,image,635
611334517,,—É—Ä–æ–∫–∏ yoga –∫—Ä–∞—Å–æ—Ç–∞ —Ñ–∏—Ç–Ω–µ—Å –∞—Å–∞–Ω–∞ –¥–∞–π–æ–≥–∞ dayoga –π–æ–≥–∞ –∞—é—Ä–≤–µ–¥–∞ –≤–∏–¥–µ–æ —Ö–∞—Ç—Ö–∞ —Å–ø–æ—Ä—Ç,"–ö–æ–≥–¥–∞ –ø–æ–¥–Ω–∏–º–∞–µ—à—å—Å—è –ø–æ –ª–µ—Å—Ç–Ω–∏—Ü–µ, —Å—Ç–∞–Ω–æ–≤–∏—à—å—Å—è –Ω–∞ —Å—Ç—É–ø–µ–Ω—å–∫—É. –ù–æ —á—Ç–æ–±—ã –ø–µ—Ä–µ–π—Ç–∏ –∫ —Å–ª–µ–¥—É—é—â–µ–π, –Ω—É–∂–Ω–æ –æ—Å—Ç–∞–≤–∏—Ç—å —Ç—É —Å—Ç—É–ø–µ–Ω—å–∫—É, –Ω–∞ –∫–æ—Ç–æ—Ä–æ–π —Å—Ç–æ–∏—à—å.

#–¥–∞–π–æ–≥–∞ #dayoga #–π–æ–≥–∞ #yoga #—É—Ä–æ–∫–∏ #–≤–∏–¥–µ–æ #–∫—Ä–∞—Å–æ—Ç–∞ #–∞—Å–∞–Ω–∞ #—Ñ–∏—Ç–Ω–µ—Å #—Å–ø–æ—Ä—Ç #—Ö–∞—Ç—Ö–∞ #–∞—é—Ä–≤–µ–¥–∞",2016-03-10 13:15:16,,image,317
611334517,,—É—Ä–æ–∫–∏ yoga –∫—Ä–∞—Å–æ—Ç–∞ —Ñ–∏—Ç–Ω–µ—Å –∞—Å–∞–Ω–∞ –¥–∞–π–æ–≥–∞ dayoga –π–æ–≥–∞ –∞—é—Ä–≤–µ–¥–∞ –≤–∏–¥–µ–æ —Ö–∞—Ç—Ö–∞ —Å–ø–æ—Ä—Ç,"–ú–∏—Ä, –∫–∞–∫ –∑–µ—Ä–∫–∞–ª–æ –æ—Ç—Ä–∞–∂–∞–µ—Ç –≤–∞—à–µ –æ—Ç–Ω–æ—à–µ–Ω–∏–µ –∫ –Ω–µ–º—É. –ö–æ–≥–¥–∞ –≤—ã –Ω–µ–¥–æ–≤–æ–ª—å–Ω—ã –º–∏—Ä–æ–º, –æ–Ω –æ—Ç–≤–æ—Ä–∞—á–∏–≤–∞–µ—Ç—Å—è –æ—Ç –≤–∞—Å. –ö–æ–≥–¥–∞ –≤—ã –±–æ—Ä–µ—Ç–µ—Å—å —Å –º–∏—Ä–æ–º, –æ–Ω –±–æ—Ä–µ—Ç—Å—è —Å –≤–∞–º–∏. –ö–æ–≥–¥–∞ –≤—ã –ø—Ä–µ–∫—Ä–∞—â–∞–µ—Ç–µ —Å–≤–æ—é –±–∏—Ç–≤—É, –º–∏—Ä –∏–¥–µ—Ç –∫ –≤–∞–º –Ω–∞–≤—Å—Ç—Ä–µ—á—É.

#–¥–∞–π–æ–≥–∞ #dayoga #–π–æ–≥–∞ #yoga #—É—Ä–æ–∫–∏ #–≤–∏–¥–µ–æ #–∫—Ä–∞—Å–æ—Ç–∞ #–∞—Å–∞–Ω–∞ #—Ñ–∏—Ç–Ω–µ—Å #—Å–ø–æ—Ä—Ç #—Ö–∞—Ç—Ö–∞ #–∞—é—Ä–≤–µ–¥–∞",2016-03-09 19:15:13,,image,591
611334517,,—É—Ä–æ–∫–∏ yoga –∫—Ä–∞—Å–æ—Ç–∞ —Ñ–∏—Ç–Ω–µ—Å –∞—Å–∞–Ω–∞ –¥–∞–π–æ–≥–∞ dayoga –π–æ–≥–∞ –∞—é—Ä–≤–µ–¥–∞ –≤–∏–¥–µ–æ —Ö–∞—Ç—Ö–∞ —Å–ø–æ—Ä—Ç,"–ö–∞–∂–¥–æ–µ —É—Ç—Ä–æ ‚Äî —ç—Ç–æ –≤—Ä–µ–º—è –Ω–∞—á–∞—Ç—å –∂–∏–∑–Ω—å —Å–Ω–æ–≤–∞.

#–¥–∞–π–æ–≥–∞ #dayoga #–π–æ–≥–∞ #yoga #—É—Ä–æ–∫–∏ #–≤–∏–¥–µ–æ #–∫—Ä–∞—Å–æ—Ç–∞ #–∞—Å–∞–Ω–∞ #—Ñ–∏—Ç–Ω–µ—Å #—Å–ø–æ—Ä—Ç #—Ö–∞—Ç—Ö–∞ #–∞—é—Ä–≤–µ–¥–∞",2016-03-09 13:16:14,,image,606
611334517,,—É—Ä–æ–∫–∏ yoga –∫—Ä–∞—Å–æ—Ç–∞ —Ñ–∏—Ç–Ω–µ—Å –∞—Å–∞–Ω–∞ –¥–∞–π–æ–≥–∞ dayoga –π–æ–≥–∞ –∞—é—Ä–≤–µ–¥–∞ –≤–∏–¥–µ–æ —Ö–∞—Ç—Ö–∞ —Å–ø–æ—Ä—Ç,"–í–æ–∑–º–æ–∂–Ω–æ –≤—Å–µ. –ù–∞ –Ω–µ–≤–æ–∑–º–æ–∂–Ω–æ–µ –ø—Ä–æ—Å—Ç–æ —Ç—Ä–µ–±—É–µ—Ç—Å—è –±–æ–ª—å—à–µ –≤—Ä–µ–º–µ–Ω–∏.

#–¥–∞–π–æ–≥–∞ #dayoga #–π–æ–≥–∞ #yoga #—É—Ä–æ–∫–∏ #–≤–∏–¥–µ–æ #–∫—Ä–∞—Å–æ—Ç–∞ #–∞—Å–∞–Ω–∞ #—Ñ–∏—Ç–Ω–µ—Å #—Å–ø–æ—Ä—Ç #—Ö–∞—Ç—Ö–∞ #–∞—é—Ä–≤–µ–¥–∞",2016-03-08 18:15:25,,image,386
611334517,,,"""–ú—É–∂—á–∏–Ω—ã —Å–∏–ª—å–Ω–µ–µ –∂–µ–Ω—â–∏–Ω —Ñ–∏–∑–∏—á–µ—Å–∫–∏, –Ω–æ –∂–µ–Ω—â–∏–Ω—ã
‚Äî –±–æ–ª–µ–µ —Ç–∞–ª–∞–Ω—Ç–ª–∏–≤—ã–µ –π–æ–≥–∏–Ω–∏"". P.S: –ú–∏–ª—ã–µ, –Ω–µ–∂–Ω—ã–µ, –æ—á–∞—Ä–æ–≤–∞—Ç–µ–ª—å–Ω—ã–µ –Ω–∞—à–∏ –π–æ–≥–∏–Ω–∏! –ü—É—Å—Ç—å –æ–∫—Ä—É–∂–∞–µ—Ç –≤–∞—Å –ª—é–±–æ–≤—å –∏ –≥–∞—Ä–º–æ–Ω–∏—è! –° –ü—Ä–∞–∑–¥–Ω–∏–∫–æ–º –í–∞—Å!",2016-03-08 15:14:42,,image,361
611334517,,—É—Ä–æ–∫–∏ yoga –∫—Ä–∞—Å–æ—Ç–∞ —Ñ–∏—Ç–Ω–µ—Å –∞—Å–∞–Ω–∞ –¥–∞–π–æ–≥–∞ dayoga –π–æ–≥–∞ –∞—é—Ä–≤–µ–¥–∞ –≤–∏–¥–µ–æ —Ö–∞—Ç—Ö–∞ —Å–ø–æ—Ä—Ç,"–ó–∞–±–∏—Ä–∞–π —Å–µ–±–µüòÄ

#–¥–∞–π–æ–≥–∞ #dayoga #–π–æ–≥–∞ #yoga #—É—Ä–æ–∫–∏ #–≤–∏–¥–µ–æ #–∫—Ä–∞—Å–æ—Ç–∞ #–∞—Å–∞–Ω–∞ #—Ñ–∏—Ç–Ω–µ—Å #—Å–ø–æ—Ä—Ç #—Ö–∞—Ç—Ö–∞ #–∞—é—Ä–≤–µ–¥–∞",2016-03-08 13:17:14,,image,332
